title,year,media_type,tmdb_id
Interstellar,2014,movie,157336
Inception,2010,movie,27205
The Avengers,2012,movie,24428
The Dark Knight,2008,movie,155
Avatar,2009,movie,19995
Deadpool,2016,movie,293660
Avengers: Infinity War,2018,movie,299536
Fight Club,1999,movie,550
The Shawshank Redemption,1994,movie,278
Pulp Fiction,1994,movie,680
Guardians of the Galaxy,2014,movie,118340
Forrest Gump,1994,movie,13
Harry Potter and the Sorcerer's Stone,2001,movie,671
Iron Man,2008,movie,1726
Django Unchained,2012,movie,68718
The Matrix,1999,movie,603
Joker,2019,movie,475557
Avengers: Endgame,2019,movie,299534
The Lord of the Rings: The Fellowship of the Ring,2001,movie,120
Titanic,1997,movie,597
The Lord of the Rings: The Return of the King,2003,movie,122
The Wolf of Wall Street,2013,movie,106646
Shutter Island,2010,movie,11324
Avengers: Age of Ultron,2015,movie,99861
The Dark Knight Rises,2012,movie,49026
Mad Max: Fury Road,2015,movie,76341
Captain America: Civil War,2016,movie,271110
Inglourious Basterds,2009,movie,16869
The Lord of the Rings: The Two Towers,2002,movie,121
Harry Potter and the Chamber of Secrets,2002,movie,672
Black Panther,2018,movie,284054
Inside Out,2015,movie,150540
Doctor Strange,2016,movie,284052
Iron Man 3,2013,movie,68721
The Hunger Games,2012,movie,70160
Spider-Man: Homecoming,2017,movie,315635
Harry Potter and the Prisoner of Azkaban,2004,movie,673
Guardians of the Galaxy Vol. 2,2017,movie,283995
Se7en,1995,movie,807
Captain America: The First Avenger,2011,movie,1771
The Godfather,1972,movie,238
Batman Begins,2005,movie,272
Thor,2011,movie,10195
Iron Man 2,2010,movie,10138
Star Wars: A New Hope,1977,movie,11
Suicide Squad,2016,movie,297761
Pirates of the Caribbean: The Curse of the Black Pearl,2003,movie,22
Harry Potter and the Goblet of Fire,2005,movie,674
Thor: Ragnarok,2017,movie,284053
Harry Potter and the Deathly Hallows: Part 2,2011,movie,12445
Spider-Man: No Way Home,2021,movie,634649
Back to the Future,1985,movie,105
Up,2009,movie,14160
Jurassic World,2015,movie,135397
The Martian,2015,movie,286217
Wonder Woman,2017,movie,297762
Coco,2017,movie,354912
Ant-Man,2015,movie,102899
Harry Potter and the Order of the Phoenix,2007,movie,675
Gladiator,2000,movie,98
Harry Potter and the Half-Blood Prince,2009,movie,767
John Wick,2014,movie,245891
Star Wars: The Force Awakens,2015,movie,140607
Spider-Man,2002,movie,557
Finding Nemo,2003,movie,12
Logan,2017,movie,263115
Harry Potter and the Deathly Hallows: Part 1,2010,movie,12444
It,2017,movie,346364
WALL·E,2008,movie,10681
The Truman Show,1998,movie,37165
Captain America: The Winter Soldier,2014,movie,100402
Gone Girl,2014,movie,210577
Toy Story,1995,movie,862
Fantastic Beasts and Where to Find Them,2016,movie,259316
"Monsters, Inc.",2001,movie,585
The Lion King,1994,movie,8587
The Hobbit: An Unexpected Journey,2012,movie,49051
The Revenant,2015,movie,281957
Arrival,2016,movie,329865
Deadpool 2,2018,movie,383498
The Green Mile,1999,movie,497
Batman v Superman: Dawn of Justice,2016,movie,209112
The Incredibles,2004,movie,9806
The Shining,1980,movie,694
Kill Bill: Vol. 1,2003,movie,24
Get Out,2017,movie,419430
Shrek,2001,movie,808
The Amazing Spider-Man,2012,movie,1930
The Hunger Games: Catching Fire,2013,movie,101299
Ratatouille,2007,movie,2062
Split,2017,movie,381288
Thor: The Dark World,2013,movie,76338
Star Wars: The Empire Strikes Back,1980,movie,1891
The Maze Runner,2014,movie,198663
La La Land,2016,movie,313369
The Imitation Game,2014,movie,205596
The Hangover,2009,movie,18785
Zootopia,2016,movie,269149
Kingsman: The Secret Service,2015,movie,207703
Bohemian Rhapsody,2018,movie,424694
The Silence of the Lambs,1991,movie,274
Jurassic Park,1993,movie,329
Frozen,2013,movie,109445
Dunkirk,2017,movie,374720
The Prestige,2006,movie,1124
Schindler's List,1993,movie,424
Venom,2018,movie,335983
Pirates of the Caribbean: Dead Man's Chest,2006,movie,58
Saving Private Ryan,1998,movie,857
Spider-Man: Into the Spider-Verse,2018,movie,324857
Lucy,2014,movie,240832
Catch Me If You Can,2002,movie,640
Spider-Man: Far From Home,2019,movie,429617
Star Wars: Return of the Jedi,1983,movie,1892
Ready Player One,2018,movie,333339
Baby Driver,2017,movie,339403
I Am Legend,2007,movie,6479
The Hunger Games: Mockingjay - Part 1,2014,movie,131631
Captain Marvel,2019,movie,299537
Now You See Me,2013,movie,75656
Big Hero 6,2014,movie,177572
Whiplash,2014,movie,244786
World War Z,2013,movie,72190
Rogue One: A Star Wars Story,2016,movie,330459
Gravity,2013,movie,49047
Star Wars: The Last Jedi,2017,movie,181808
Spider-Man 2,2004,movie,558
X-Men: Days of Future Past,2014,movie,127585
Eternal Sunshine of the Spotless Mind,2004,movie,38
Alien,1979,movie,348
Beauty and the Beast,2017,movie,321612
Man of Steel,2013,movie,49521
Charlie and the Chocolate Factory,2005,movie,118
Skyfall,2012,movie,37724
Memento,2000,movie,77
The Departed,2006,movie,1422
Despicable Me,2010,movie,20352
The Grand Budapest Hotel,2014,movie,120467
Star Wars: The Phantom Menace,1999,movie,1893
Toy Story 3,2010,movie,10193
Black Swan,2010,movie,44214
V for Vendetta,2006,movie,752
Pirates of the Caribbean: At World's End,2007,movie,285
Reservoir Dogs,1992,movie,500
The Hobbit: The Battle of the Five Armies,2014,movie,122917
A Quiet Place,2018,movie,447332
Her,2013,movie,152601
The Hateful Eight,2015,movie,273248
Spider-Man 3,2007,movie,559
Cars,2006,movie,920
Kill Bill: Vol. 2,2004,movie,393
Edge of Tomorrow,2014,movie,137113
Blade Runner 2049,2017,movie,335984
Pirates of the Caribbean: On Stranger Tides,2011,movie,1865
Aquaman,2018,movie,297802
Blade Runner,1982,movie,78
Star Wars: Revenge of the Sith,2005,movie,1895
Toy Story 2,1999,movie,863
Alice in Wonderland,2010,movie,12155
Hacksaw Ridge,2016,movie,324786
Sherlock Holmes,2009,movie,10528
Men in Black,1997,movie,607
Once Upon a Time... in Hollywood,2019,movie,466272
300,2007,movie,1271
Dune,2021,movie,438631
Jumanji: Welcome to the Jungle,2017,movie,353486
The Terminator,1984,movie,218
Twilight,2008,movie,8966
Star Wars: Attack of the Clones,2002,movie,1894
How to Train Your Dragon,2010,movie,10191
Ice Age,2002,movie,425
Passengers,2016,movie,274870
Ex Machina,2015,movie,264660
Ant-Man and the Wasp,2018,movie,363088
GoodFellas,1990,movie,769
The Amazing Spider-Man 2,2014,movie,102382
Brave,2012,movie,62177
John Wick: Chapter 2,2017,movie,324552
The Hobbit: The Desolation of Smaug,2013,movie,57158
Terminator 2: Judgment Day,1991,movie,280
Back to the Future Part II,1989,movie,165
Avatar: The Way of Water,2022,movie,76600
Knives Out,2019,movie,546554
A Clockwork Orange,1971,movie,185
Life of Pi,2012,movie,87827
Maleficent,2014,movie,102651
X-Men: Apocalypse,2016,movie,246655
Edward Scissorhands,1990,movie,162
The Godfather Part II,1974,movie,240
Moana,2016,movie,277834
Incredibles 2,2018,movie,260513
Justice League,2017,movie,141052
The Curious Case of Benjamin Button,2008,movie,4922
Good Will Hunting,1997,movie,489
American Sniper,2014,movie,190859
Birdman or (The Unexpected Virtue of Ignorance),2014,movie,194662
Raiders of the Lost Ark,1981,movie,85
X-Men: First Class,2011,movie,49538
Drive,2011,movie,64690
Divergent,2014,movie,157350
1917,2019,movie,530915
Shrek 2,2004,movie,809
Donnie Darko,2001,movie,141
The Hunger Games: Mockingjay - Part 2,2015,movie,131634
Taxi Driver,1976,movie,103
Pacific Rim,2013,movie,68726
Me Before You,2016,movie,296096
Prometheus,2012,movie,70981
No Country for Old Men,2007,movie,6977
Ted,2012,movie,72105
Zombieland,2009,movie,19908
Wreck-It Ralph,2012,movie,82690
The Social Network,2010,movie,37799
The Great Gatsby,2013,movie,64682
American Beauty,1999,movie,14
The Devil Wears Prada,2006,movie,350
Prisoners,2013,movie,146233
Scarface,1983,movie,111
Fury,2014,movie,228150
The Shape of Water,2017,movie,399055
Pirates of the Caribbean: Dead Men Tell No Tales,2017,movie,166426
Call Me by Your Name,2017,movie,398818
Green Book,2018,movie,490132
The Sixth Sense,1999,movie,745
Jurassic World: Fallen Kingdom,2018,movie,351286
Rise of the Planet of the Apes,2011,movie,61791
Finding Dory,2016,movie,127380
2012,2009,movie,14161
Silver Linings Playbook,2012,movie,82693
The Conjuring,2013,movie,138843
The Incredible Hulk,2008,movie,1724
"I, Robot",2004,movie,2048
Kung Fu Panda,2008,movie,9502
2001: A Space Odyssey,1968,movie,62
The Notebook,2004,movie,11036
Ocean's Eleven,2001,movie,161
American History X,1998,movie,73
Fifty Shades of Grey,2015,movie,216015
Home Alone,1990,movie,771
Dead Poets Society,1989,movie,207
Kick-Ass,2010,movie,23483
Tangled,2010,movie,38757
A Star Is Born,2018,movie,332562
Cast Away,2000,movie,8358
Dawn of the Planet of the Apes,2014,movie,119450
Die Hard,1988,movie,562
Transformers,2007,movie,1858
X-Men,2000,movie,36657
In Time,2011,movie,49530
American Psycho,2000,movie,1359
The Big Lebowski,1998,movie,115
Taken,2008,movie,8681
Despicable Me 2,2013,movie,93456
Aladdin,1992,movie,812
12 Years a Slave,2013,movie,76203
E.T. the Extra-Terrestrial,1982,movie,601
The Matrix Reloaded,2003,movie,604
The Batman,2022,movie,414906
Madagascar,2005,movie,953
The Fault in Our Stars,2014,movie,222935
John Wick: Chapter 3 - Parabellum,2019,movie,458156
Nightcrawler,2014,movie,242582
Casino Royale,2006,movie,36557
Now You See Me 2,2016,movie,291805
Fantastic Beasts: The Crimes of Grindelwald,2018,movie,338952
Gran Torino,2008,movie,13223
Zodiac,2007,movie,1949
"The Chronicles of Narnia: The Lion, the Witch and the Wardrobe",2005,movie,411
Jaws,1975,movie,578
Back to the Future Part III,1990,movie,196
Bruce Almighty,2003,movie,310
Oblivion,2013,movie,75612
Oppenheimer,2023,movie,872585
Limitless,2011,movie,51876
Full Metal Jacket,1987,movie,600
One Flew Over the Cuckoo's Nest,1975,movie,510
Soul,2020,movie,508442
Monsters University,2013,movie,62211
Furious 7,2015,movie,168259
The Usual Suspects,1995,movie,629
Slumdog Millionaire,2008,movie,12405
Jumanji,1995,movie,8844
The Hangover Part II,2011,movie,45243
X-Men Origins: Wolverine,2009,movie,2080
Spectre,2015,movie,206647
Fast & Furious 6,2013,movie,82992
The Perks of Being a Wallflower,2012,movie,84892
Mr. & Mrs. Smith,2005,movie,787
Black Widow,2021,movie,497698
Venom: Let There Be Carnage,2021,movie,580489
The Mask,1994,movie,854
The Theory of Everything,2014,movie,266856
Minions,2015,movie,211672
Kong: Skull Island,2017,movie,293167
Kingsman: The Golden Circle,2017,movie,343668
Maze Runner: The Scorch Trials,2015,movie,294254
A Beautiful Mind,2001,movie,453
Braveheart,1995,movie,197
Indiana Jones and the Last Crusade,1989,movie,89
Troy,2004,movie,652
(500) Days of Summer,2009,movie,19913
21 Jump Street,2012,movie,64688
Men in Black 3,2012,movie,41154
Tenet,2020,movie,577922
Sherlock Holmes: A Game of Shadows,2011,movie,58574
Psycho,1960,movie,539
Night at the Museum,2006,movie,1593
Barbie,2023,movie,346698
Requiem for a Dream,2000,movie,641
X2,2003,movie,36658
The Fate of the Furious,2017,movie,337339
Birds of Prey (and the Fantabulous Emancipation of One Harley Quinn),2020,movie,495764
"Three Billboards Outside Ebbing, Missouri",2017,movie,359940
Looper,2012,movie,59967
The Lion King,2019,movie,420818
The Fast and the Furious,2001,movie,9799
Zack Snyder's Justice League,2021,movie,791373
Star Wars: The Rise of Skywalker,2019,movie,181812
Mission: Impossible - Ghost Protocol,2011,movie,56292
Aliens,1986,movie,679
The Matrix Revolutions,2003,movie,605
Top Gun: Maverick,2022,movie,361743
Beauty and the Beast,1991,movie,10020
Aladdin,2019,movie,420817
Godzilla vs. Kong,2021,movie,399566
Men in Black II,2002,movie,608
Home Alone 2: Lost in New York,1992,movie,772
Bird Box,2018,movie,405774
The Pursuit of Happyness,2006,movie,1402
Murder on the Orient Express,2017,movie,392044
Miss Peregrine's Home for Peculiar Children,2016,movie,283366
Toy Story 4,2019,movie,301528
Insurgent,2015,movie,262500
Star Trek,2009,movie,13475
Mulan,1998,movie,10674
Hidden Figures,2016,movie,381284
Sonic the Hedgehog,2020,movie,454626
The Super Mario Bros. Movie,2023,movie,502356
How to Train Your Dragon 2,2014,movie,82702
X-Men: The Last Stand,2006,movie,36668
Trainspotting,1996,movie,627
Ice Age: The Meltdown,2006,movie,950
Jojo Rabbit,2019,movie,515001
Independence Day,1996,movie,602
Shang-Chi and the Legend of the Ten Rings,2021,movie,566525
The Nightmare Before Christmas,1993,movie,9479
Million Dollar Baby,2004,movie,70
Frozen II,2019,movie,330457
The Wolverine,2013,movie,76170
District 9,2009,movie,17654
Hancock,2008,movie,8960
Shazam!,2019,movie,287947
Doctor Strange in the Multiverse of Madness,2022,movie,453395
Encanto,2021,movie,568124
Corpse Bride,2005,movie,3933
Into the Wild,2007,movie,5915
Indiana Jones and the Temple of Doom,1984,movie,87
The Greatest Showman,2017,movie,316029
Cruella,2021,movie,337404
The Pianist,2002,movie,423
The Da Vinci Code,2006,movie,591
The Bourne Identity,2002,movie,2501
Saw,2004,movie,176
Fantastic Four,2005,movie,9738
Alita: Battle Angel,2019,movie,399579
Watchmen,2009,movie,13183
Mission: Impossible,1996,movie,954
Unbreakable,2000,movie,9741
The Mummy,1999,movie,564
The Equalizer,2014,movie,156022
Snatch,2000,movie,107
12 Angry Men,1957,movie,389
The Twilight Saga: New Moon,2009,movie,18239
The Big Short,2015,movie,318846
Shrek the Third,2007,movie,810
A Bug's Life,1998,movie,9487
Godzilla,2014,movie,124905
Room,2015,movie,264644
Ghostbusters,1984,movie,620
War for the Planet of the Apes,2017,movie,281338
Free Guy,2021,movie,550988
Mission: Impossible - Rogue Nation,2015,movie,177677
Star Trek Into Darkness,2013,movie,54138
It Chapter Two,2019,movie,474350
Elysium,2013,movie,68724
Minority Report,2002,movie,180
The Suicide Squad,2021,movie,436969
Top Gun,1986,movie,744
We're the Millers,2013,movie,138832
Mean Girls,2004,movie,10625
Sicario,2015,movie,273481
The Twilight Saga: Breaking Dawn - Part 2,2012,movie,50620
Alien: Covenant,2017,movie,126889
Jumanji: The Next Level,2019,movie,512200
Annihilation,2018,movie,300668
xXx: Return of Xander Cage,2017,movie,47971
The Twilight Saga: Breaking Dawn - Part 1,2011,movie,50619
The King's Speech,2010,movie,45269
The Twilight Saga: Eclipse,2010,movie,24021
Shaun of the Dead,2004,movie,747
Solo: A Star Wars Story,2018,movie,348350
The Hangover Part III,2013,movie,109439
"Crazy, Stupid, Love.",2011,movie,50646
About Time,2013,movie,122906
Don't Look Up,2021,movie,646380
Hotel Transylvania,2012,movie,76492
The Conjuring 2,2016,movie,259693
The Lost World: Jurassic Park,1997,movie,330
Transformers: Revenge of the Fallen,2009,movie,8373
War of the Worlds,2005,movie,74
Eternals,2021,movie,524434
Glass,2019,movie,450465
Mission: Impossible - Fallout,2018,movie,353081
Wonder Woman 1984,2020,movie,464052
Real Steel,2011,movie,39254
Lady Bird,2017,movie,391713
Dallas Buyers Club,2013,movie,152532
Twelve Monkeys,1995,movie,63
San Andreas,2015,movie,254128
Source Code,2011,movie,45612
Apocalypse Now,1979,movie,28
The Help,2011,movie,50014
Indiana Jones and the Kingdom of the Crystal Skull,2008,movie,217
Fargo,1996,movie,275
Terminator Genisys,2015,movie,87101
Luca,2021,movie,508943
Predator,1987,movie,106
Pretty Woman,1990,movie,114
Transformers: Dark of the Moon,2011,movie,38356
Coraline,2009,movie,14836
Argo,2012,movie,68734
Ice Age: Dawn of the Dinosaurs,2009,movie,8355
10 Things I Hate About You,1999,movie,4951
Ford v Ferrari,2019,movie,359724
The Purge,2013,movie,158015
Fast Five,2011,movie,51497
To All the Boys I've Loved Before,2018,movie,466282
Ocean's Eight,2018,movie,402900
Sin City,2005,movie,187
The Day After Tomorrow,2004,movie,435
Groundhog Day,1993,movie,137
Spotlight,2015,movie,314365
Bad Boys for Life,2020,movie,38700
Transformers: Age of Extinction,2014,movie,91314
Puss in Boots: The Last Wish,2022,movie,315162
Pride & Prejudice,2005,movie,4348
The Terminal,2004,movie,594
After,2019,movie,537915
10 Cloverfield Lane,2016,movie,333371
The Exorcist,1973,movie,9552
Ghost in the Shell,2017,movie,315837
The Nice Guys,2016,movie,290250
Rocky,1976,movie,1366
The Simpsons Movie,2007,movie,35
Baywatch,2017,movie,339846
The Secret Life of Pets,2016,movie,328111
Armageddon,1998,movie,95
The Breakfast Club,1985,movie,2108
The Jungle Book,2016,movie,278927
Scott Pilgrim vs. the World,2010,movie,22538
Batman,1989,movie,268
The Cabin in the Woods,2012,movie,22970
22 Jump Street,2014,movie,187017
Thor: Love and Thunder,2022,movie,616037
King Kong,2005,movie,254
Quantum of Solace,2008,movie,10764
Hereditary,2018,movie,493922
Cars 2,2011,movie,49013
Sing,2016,movie,335797
Chappie,2015,movie,198184
Fifty Shades Freed,2018,movie,337167
The Little Mermaid,1989,movie,10144
The Lego Movie,2014,movie,137106
Friends with Benefits,2011,movie,50544
Fantastic Four: Rise of the Silver Surfer,2007,movie,1979
Beetlejuice,1988,movie,4011
Maze Runner: The Death Cure,2018,movie,336843
Tomb Raider,2018,movie,338970
Spider-Man: Across the Spider-Verse,2023,movie,569094
Deadpool & Wolverine,2024,movie,533535
Nocturnal Animals,2016,movie,340666
Focus,2015,movie,256591
The Bourne Ultimatum,2007,movie,2503
Wonder,2017,movie,406997
28 Days Later,2002,movie,170
How the Grinch Stole Christmas,2000,movie,8871
The Expendables,2010,movie,27578
Snow White and the Huntsman,2012,movie,58595
Blood Diamond,2006,movie,1372
American Pie,1999,movie,2105
Hot Fuzz,2007,movie,4638
The Meg,2018,movie,345940
The Secret Life of Walter Mitty,2013,movie,116745
Heat,1995,movie,949
Assassin's Creed,2016,movie,121856
Nobody,2021,movie,615457
The Butterfly Effect,2004,movie,1954
Ice Age: Continental Drift,2012,movie,57800
2 Fast 2 Furious,2003,movie,584
The Bourne Supremacy,2004,movie,2502
Game of Thrones,2011,tv,1399
Stranger Things,2016,tv,66732
The Walking Dead,2010,tv,1402
Breaking Bad,2008,tv,1396
Lucifer,2016,tv,63174
Riverdale,2017,tv,69050
The Good Doctor,2017,tv,71712
WandaVision,2021,tv,85271
The Big Bang Theory,2007,tv,1418
Loki,2021,tv,84958
The Boys,2019,tv,76479
The Flash,2014,tv,60735
Peaky Blinders,2013,tv,60574
Grey's Anatomy,2005,tv,1416
The Mandalorian,2019,tv,82856
Rick and Morty,2013,tv,60625
The Simpsons,1989,tv,456
Euphoria,2019,tv,85552
Wednesday,2022,tv,119051
The Umbrella Academy,2019,tv,75006
The Vampire Diaries,2009,tv,18165
Friends,1994,tv,1668
The Falcon and the Winter Soldier,2021,tv,88396
The 100,2014,tv,48866
Supernatural,2005,tv,1622
Sex Education,2019,tv,81356
Chernobyl,2019,tv,87108
Vikings,2013,tv,44217
House,2004,tv,1408
Cobra Kai,2018,tv,77169
The Last of Us,2023,tv,100088
The Witcher,2019,tv,71912
Arrow,2012,tv,1412
Sherlock,2010,tv,19885
Better Call Saul,2015,tv,60059
Westworld,2016,tv,63247
Black Mirror,2011,tv,42009
American Horror Story,2011,tv,1413
Prison Break,2005,tv,2288
House of the Dragon,2022,tv,94997
Arcane,2021,tv,94605
How I Met Your Mother,2005,tv,1100
Suits,2011,tv,37680
The Queen's Gambit,2020,tv,87739
Invincible,2021,tv,95557
Dexter,2006,tv,1405
The Act,2019,tv,82883
Mr. Robot,2015,tv,62560
Fear the Walking Dead,2015,tv,62286
Marvel's Daredevil,2015,tv,61889
The Office,2005,tv,2316
Anne with an E,2017,tv,70785
Lost,2004,tv,4607
South Park,1997,tv,2190
Family Guy,1999,tv,1434
Malcolm in the Middle,2000,tv,2004
Avatar: The Last Airbender,2005,tv,246
Teen Wolf,2011,tv,34524
What If...?,2021,tv,91363
13 Reasons Why,2017,tv,66788
Smallville,2001,tv,4604
Supergirl,2015,tv,62688
Chucky,2021,tv,90462
The Mentalist,2008,tv,5920
Scorpion,2014,tv,60797
Law & Order: Special Victims Unit,1999,tv,2734
Band of Brothers,2001,tv,4613
Criminal Minds,2005,tv,4057
True Detective,2014,tv,46648
"Love, Death & Robots",2019,tv,86831
Under the Dome,2013,tv,46331
Brooklyn Nine-Nine,2013,tv,48891
You,2018,tv,78191
Marvel's Agents of S.H.I.E.L.D.,2013,tv,1403
Chilling Adventures of Sabrina,2018,tv,79242
Hawkeye,2021,tv,88329
Gotham,2014,tv,60708
Futurama,1999,tv,615
The Lord of the Rings: The Rings of Power,2022,tv,84773
Two and a Half Men,2003,tv,2691
The Originals,2013,tv,46896
The Blacklist,2013,tv,46952
The End of the F***ing World,2017,tv,74577
Grimm,2011,tv,39351
The X-Files,1993,tv,4087
Siren,2018,tv,71886
Bones,2005,tv,1911
The Purge,2018,tv,80213
Gravity Falls,2012,tv,40075
Moon Knight,2022,tv,92749
Doctor Who,2005,tv,57243
Peacemaker,2022,tv,110492
It,1990,tv,19614
The Sopranos,1999,tv,1398
Modern Family,2009,tv,1421
Shameless,2011,tv,34307
Sons of Anarchy,2008,tv,1409
Narcos,2015,tv,63351
SpongeBob SquarePants,1999,tv,387
The Handmaid's Tale,2017,tv,69478
Fargo,2014,tv,60622
Bridgerton,2020,tv,91239
Halo,2022,tv,52814
House of Cards,2013,tv,1425
Adventure Time,2010,tv,15260
Legacies,2018,tv,79460
Yellowstone,2018,tv,73586
Marvel's The Punisher,2017,tv,67178
The Rookie,2018,tv,79744
iZombie,2015,tv,60866
The Book of Boba Fett,2021,tv,115036
Young Sheldon,2017,tv,71728
Spartacus,2010,tv,46296
MINDHUNTER,2017,tv,67744
DAHMER - Monster: The Jeffrey Dahmer Story,2022,tv,113988
Titans,2018,tv,75450
Hannibal,2013,tv,40008
See,2019,tv,80752
Outlander,2014,tv,56570
Pretty Little Liars,2010,tv,31917
BoJack Horseman,2014,tv,61222
Orange Is the New Black,2013,tv,1424
9-1-1,2018,tv,75219
The Expanse,2015,tv,63639
Fringe,2008,tv,1705
Superman & Lois,2021,tv,95057
Reacher,2022,tv,108978
Marvel's Iron Fist,2017,tv,62127
Ozark,2017,tv,69740
The Haunting of Hill House,2018,tv,72844
The Wire,2002,tv,1438
Chicago P.D.,2014,tv,58841
Marvel's Jessica Jones,2015,tv,38472
Blindspot,2015,tv,62710
The Sandman,2022,tv,90802
Tulsa King,2022,tv,153312
Homeland,2011,tv,1407
The Pacific,2010,tv,16997
Charmed,1998,tv,1981
Heroes,2006,tv,1639
NCIS,2003,tv,4614
Fallout,2024,tv,106379
Twin Peaks,1990,tv,1920
She-Hulk: Attorney at Law,2022,tv,92783
Once Upon a Time,2011,tv,39272
DC's Legends of Tomorrow,2016,tv,62643
Severance,2022,tv,95396
The Fresh Prince of Bel-Air,1990,tv,1892
The Wheel of Time,2021,tv,71914
Chicago Fire,2012,tv,44006
FROM,2022,tv,124364
American Dad!,2005,tv,1433
Firefly,2002,tv,1437
Seven Deadly Sins,2008,tv,27240
The Crown,2016,tv,65494
Star Wars: The Clone Wars,2008,tv,4194
Gossip Girl,2007,tv,1395
The Legend of Korra,2012,tv,33880
Seinfeld,1989,tv,1400
Fast & Furious Spy Racers,2019,tv,95594
Good Omens,2019,tv,71915
Ted Lasso,2020,tv,97546
Regular Show,2010,tv,31132
Altered Carbon,2018,tv,68421
The Kardashians,2022,tv,154521
Obi-Wan Kenobi,2022,tv,92830
Sex and the City,1998,tv,105
Only Murders in the Building,2021,tv,107113
Scrubs,2001,tv,4556
Castle,2009,tv,1419
Desperate Housewives,2004,tv,693
True Blood,2008,tv,10545
Community,2009,tv,18347
Star Trek: Discovery,2017,tv,67198
Marvel's Luke Cage,2016,tv,62126
Person of Interest,2011,tv,1411
The Strain,2014,tv,47640
Buffy the Vampire Slayer,1997,tv,95
Marvel's Agent Carter,2015,tv,61550
Drake & Josh,2004,tv,2038
I Am Not Okay with This,2020,tv,90260
The Last Kingdom,2015,tv,63333
Jurassic World Camp Cretaceous,2020,tv,93741
The Good Place,2016,tv,66573
"Sex, Explained",2020,tv,96815
Silo,2023,tv,125988
Never Have I Ever,2020,tv,100883
Silicon Valley,2014,tv,60573
Star Trek: Picard,2020,tv,85949
Andor,2022,tv,83867
His Dark Materials,2019,tv,68507
Ghost Whisperer,2005,tv,1606
We Bare Bears,2015,tv,63401
Hawaii Five-0,2010,tv,32798
Lost in Space,2018,tv,75758
Sense8,2015,tv,61664
Scream Queens,2015,tv,62046
The Boss Baby: Back in Business,2018,tv,77606
Batman: The Animated Series,1992,tv,2098
Elementary,2012,tv,1415
Ben 10,2005,tv,4686
Ginny & Georgia,2021,tv,117581
The Owl House,2020,tv,92685
American Gods,2017,tv,46639
Stargate SG-1,1997,tv,4629
Fleabag,2016,tv,67070
Manifest,2018,tv,79696
How to Get Away with Murder,2014,tv,61056
Raised by Wolves,2020,tv,85723
Parks and Recreation,2009,tv,8592
Tom Clancy's Jack Ryan,2018,tv,73375
Ash vs Evil Dead,2015,tv,62264
Bates Motel,2013,tv,46786
Battlestar Galactica,2004,tv,1972
24,2001,tv,1973
Victorious,2010,tv,31251
Insatiable,2018,tv,80743
The Amazing World of Gumball,2011,tv,37606
Star Trek: The Next Generation,1987,tv,655
Over the Garden Wall,2014,tv,61617
CSI: Miami,2002,tv,1620
Big Time Rush,2009,tv,31356
11.22.63,2016,tv,64464
2 Broke Girls,2011,tv,39340
The Magicians,2015,tv,64432
Your Honor,2020,tv,86430
Cosmos,2014,tv,58474
Heartstopper,2022,tv,124834
Big Little Lies,2017,tv,66292
Lie to Me,2009,tv,8358
"Love, Victor",2020,tv,97186
Foundation,2021,tv,93740
The Outsider,2020,tv,84661
New Girl,2011,tv,1420
Shōgun,2024,tv,126308
SEAL Team,2017,tv,71789
Courage the Cowardly Dog,1999,tv,2085
Constantine,2014,tv,60743
Marvel's The Defenders,2017,tv,62285
The Bear,2022,tv,136315
Arrested Development,2003,tv,4589
Selena: The Series,2020,tv,97180
Mare of Easttown,2021,tv,115004
This Is Us,2016,tv,67136
Sweet Tooth,2021,tv,103768
Batwoman,2019,tv,89247
La Brea,2021,tv,128839
The Gifted,2017,tv,69629
The IT Crowd,2006,tv,2490
S.W.A.T.,2017,tv,71790
Ralph Breaks the Internet,2018,movie,404368
Guardians of the Galaxy Vol. 3,2023,movie,447365
BlacKkKlansman,2018,movie,487558
127 Hours,2010,movie,44115
Pixels,2015,movie,257344
Us,2019,movie,458723
Fifty Shades Darker,2017,movie,341174
Ted 2,2015,movie,214756
Superbad,2007,movie,8363
Snow White and the Seven Dwarfs,1938,movie,408
Lost in Translation,2003,movie,153
Valerian and the City of a Thousand Planets,2017,movie,339964
Midsommar,2019,movie,530385
Don't Breathe,2016,movie,300669
Creed,2015,movie,312221
Constantine,2005,movie,561
Hercules,1997,movie,11970
Shrek Forever After,2010,movie,10192
Life,2017,movie,395992
TRON: Legacy,2010,movie,20526
Percy Jackson & the Olympians: The Lightning Thief,2010,movie,32657
Ocean's Twelve,2004,movie,163
Kung Fu Panda 2,2011,movie,49444
The Thing,1982,movie,1091
Jurassic Park III,2001,movie,331
Fast & Furious,2009,movie,13804
8 Mile,2002,movie,65
Scream,1996,movie,4232
Little Miss Sunshine,2006,movie,773
John Wick: Chapter 4,2023,movie,603692
Children of Men,2006,movie,9693
Rush,2013,movie,96721
Midnight in Paris,2011,movie,59436
Fast & Furious Presents: Hobbs & Shaw,2019,movie,384018
Everything Everywhere All at Once,2022,movie,545611
Big Fish,2003,movie,587
Sausage Party,2016,movie,223702
American Hustle,2013,movie,168672
Cloverfield,2008,movie,7191
F9,2021,movie,385128
50 First Dates,2004,movie,1824
Sully,2016,movie,363676
Grease,1978,movie,621
Hugo,2011,movie,44826
Green Lantern,2011,movie,44912
Despicable Me 3,2017,movie,324852
Dark Shadows,2012,movie,62213
The Boy in the Striped Pyjamas,2008,movie,14574
The Mummy,2017,movie,282035
Juno,2007,movie,7326
The Witch,2016,movie,310131
Scary Movie,2000,movie,4247
The Mummy Returns,2001,movie,1734
Prey,2022,movie,766507
Jack Reacher,2012,movie,75780
Dune: Part Two,2024,movie,693134
Mission: Impossible III,2006,movie,956
Wanted,2008,movie,8909
The Girl with the Dragon Tattoo,2011,movie,65754
The Fast and the Furious: Tokyo Drift,2006,movie,9615
The Croods,2013,movie,49519
Brokeback Mountain,2005,movie,142
Click,2006,movie,9339
Moonlight,2016,movie,376867
The Kissing Booth,2018,movie,454983
Rampage,2018,movie,427641
Cloud Atlas,2012,movie,83542
Mission: Impossible II,2000,movie,955
The Boss Baby,2017,movie,295693
The Last Samurai,2003,movie,616
Captain Phillips,2013,movie,109424
The Irishman,2019,movie,398978
Cinderella,2015,movie,150689
Megamind,2010,movie,38055
The Proposal,2009,movie,18240
Marriage Story,2019,movie,492188
Madagascar: Escape 2 Africa,2008,movie,10527
Hellboy,2004,movie,1487
Tomorrowland,2015,movie,158852
Love Actually,2003,movie,508
Easy A,2010,movie,37735
Mystic River,2003,movie,322
Black Panther: Wakanda Forever,2022,movie,505642
Yes Man,2008,movie,10201
Sleepy Hollow,1999,movie,2668
Pokémon Detective Pikachu,2019,movie,447404
Bullet Train,2022,movie,718930
There Will Be Blood,2007,movie,7345
Angels & Demons,2009,movie,13448
Insidious,2011,movie,49018
Tarzan,1999,movie,37135
A Quiet Place Part II,2021,movie,520763
Neighbors,2014,movie,195589
The Accountant,2016,movie,302946
The Intern,2015,movie,257211
Night at the Museum: Battle of the Smithsonian,2009,movie,18360
Raya and the Last Dragon,2021,movie,527774
The Emperor's New Groove,2000,movie,11688
Bridge of Spies,2015,movie,296098
Warcraft,2016,movie,68735
The Game,1997,movie,2649
Seven Pounds,2008,movie,11321
The Nun,2018,movie,439079
Teenage Mutant Ninja Turtles,2014,movie,98566
Terminator 3: Rise of the Machines,2003,movie,296
The 40 Year Old Virgin,2005,movie,6957
Ad Astra,2019,movie,419704
Hachi: A Dog's Tale,2009,movie,28178
Rio,2011,movie,46195
Prince of Persia: The Sands of Time,2010,movie,9543
Rise of the Guardians,2012,movie,81188
The Expendables 2,2012,movie,76163
Gangs of New York,2002,movie,3131
Cinderella,1950,movie,11224
"Lock, Stock and Two Smoking Barrels",1998,movie,100
RED,2010,movie,39514
Hansel & Gretel: Witch Hunters,2013,movie,60304
The Age of Adaline,2015,movie,293863
Jupiter Ascending,2015,movie,76757
Rear Window,1954,movie,567
Taken 2,2012,movie,82675
mother!,2017,movie,381283
The Others,2001,movie,1933
Mulan,2020,movie,337401
Nerve,2016,movie,328387
Star Trek Beyond,2016,movie,188927
Lilo & Stitch,2002,movie,11544
How to Train Your Dragon: The Hidden World,2019,movie,166428
Batman Returns,1992,movie,364
Rango,2011,movie,44896
Olympus Has Fallen,2013,movie,117263
Dark Phoenix,2019,movie,320288
Super 8,2011,movie,37686
Predestination,2014,movie,206487
Mamma Mia!,2008,movie,11631
Allegiant,2016,movie,262504
Terminator Salvation,2009,movie,534
No Time to Die,2021,movie,370172
Rain Man,1988,movie,380
Pearl Harbor,2001,movie,676
Lion,2016,movie,334543
Black Adam,2022,movie,436270
Jurassic World Dominion,2022,movie,507086
Mulholland Drive,2001,movie,1018
300: Rise of an Empire,2014,movie,53182
Gremlins,1984,movie,927
Pitch Perfect,2012,movie,114150
Eyes Wide Shut,1999,movie,345
It Follows,2015,movie,270303
After Earth,2013,movie,82700
Bad Boys,1995,movie,9737
Jackie Brown,1997,movie,184
The Polar Express,2004,movie,5255
Resident Evil,2002,movie,1576
Gattaca,1997,movie,782
Tropic Thunder,2008,movie,7446
Ocean's Thirteen,2007,movie,298
The Lobster,2015,movie,254320
Oz the Great and Powerful,2013,movie,68728
First Blood,1982,movie,1368
Captain Fantastic,2016,movie,334533
The Man from U.N.C.L.E.,2015,movie,203801
National Treasure,2004,movie,2059
The Blind Side,2009,movie,22881
Alice Through the Looking Glass,2016,movie,241259
Ghostbusters,2016,movie,43074
Little Women,2019,movie,331482
This Is the End,2013,movie,109414
The Godfather Part III,1990,movie,242
Horrible Bosses,2011,movie,51540
Project X,2012,movie,57214
The Chronicles of Narnia: Prince Caspian,2008,movie,2454
Speed,1994,movie,1637
A Good Day to Die Hard,2013,movie,47964
The Purge: Anarchy,2014,movie,238636
Transformers: The Last Knight,2017,movie,335988
Shark Tale,2004,movie,10555
Uncharted,2022,movie,335787
The Devil's Advocate,1997,movie,1813
The Impossible,2012,movie,80278
One Hundred and One Dalmatians,1961,movie,12230
Clash of the Titans,2010,movie,18823
Notting Hill,1999,movie,509
The Jungle Book,1967,movie,9325
Godzilla: King of the Monsters,2019,movie,373571
Dumb and Dumber,1994,movie,8467
The Hitman's Bodyguard,2017,movie,390043
Inferno,2016,movie,207932
Blade,1998,movie,36647
The Book of Eli,2010,movie,20504
The Ring,2002,movie,565
Grown Ups,2010,movie,38365
Atomic Blonde,2017,movie,341013
A.I. Artificial Intelligence,2001,movie,644
Die Hard: With a Vengeance,1995,movie,1572
Glass Onion: A Knives Out Mystery,2022,movie,661374
Bumblebee,2018,movie,424783
Noah,2014,movie,86834
Final Destination,2000,movie,9532
Mrs. Doubtfire,1993,movie,788
Underworld,2003,movie,277
Annabelle,2014,movie,250546
Onward,2020,movie,508439
Happy Death Day,2017,movie,440021
Extraction,2020,movie,545609
Kick-Ass 2,2013,movie,59859
Madagascar 3: Europe's Most Wanted,2012,movie,80321
"Love, Rosie",2014,movie,200727
Kung Fu Panda 3,2016,movie,140300
Van Helsing,2004,movie,7131
The Karate Kid,2010,movie,38575
The Legend of Tarzan,2016,movie,258489
Inside Out 2,2024,movie,1022789
Enola Holmes,2020,movie,497582
Dracula Untold,2014,movie,49017
Dirty Dancing,1987,movie,88
The Conjuring: The Devil Made Me Do It,2021,movie,423108
Training Day,2001,movie,2034
Lara Croft: Tomb Raider,2001,movie,1995
Bolt,2008,movie,13053
Contagion,2011,movie,39538
Maleficent: Mistress of Evil,2019,movie,420809
The Gentlemen,2020,movie,522627
What Happened to Monday,2017,movie,406990
Casino,1995,movie,524
Independence Day: Resurgence,2016,movie,47933
Cloudy with a Chance of Meatballs,2009,movie,22794
From Dusk Till Dawn,1996,movie,755
Fantastic Four,2015,movie,166424
Flight,2012,movie,87502
Stand by Me,1986,movie,235
Ghost Rider,2007,movie,1250
Warm Bodies,2013,movie,82654
Space Jam,1996,movie,2300
The Babadook,2014,movie,242224
Spy,2015,movie,238713
The Matrix Resurrections,2021,movie,624860
Enemy,2014,movie,181886
Red Sparrow,2018,movie,401981
Interview with the Vampire,1994,movie,628
Red Notice,2021,movie,512195
Total Recall,1990,movie,861
The Dictator,2012,movie,76493
Manchester by the Sea,2016,movie,334541
Cars 3,2017,movie,260514
The Magnificent Seven,2016,movie,333484
Meet the Parents,2000,movie,1597
Central Intelligence,2016,movie,302699
Die Hard 2,1990,movie,1573
Monty Python and the Holy Grail,1975,movie,762
Sweeney Todd: The Demon Barber of Fleet Street,2007,movie,13885
Moonrise Kingdom,2012,movie,83666
Ace Ventura: Pet Detective,1994,movie,3049
Alien³,1992,movie,8077
"Love, Simon",2018,movie,449176
Live Free or Die Hard,2007,movie,1571
Inside Man,2006,movie,388
Vertigo,1958,movie,426
Black Hawk Down,2001,movie,855
Mortal Kombat,2021,movie,460465
Fast X,2023,movie,385687
Alice in Wonderland,1951,movie,12092
Hulk,2003,movie,1927
Pinocchio,1940,movie,10895
Game Night,2018,movie,445571
Night at the Museum: Secret of the Tomb,2014,movie,181533
Paul,2011,movie,39513
Ender's Game,2013,movie,80274
The Invisible Man,2020,movie,570670
Mr. Nobody,2009,movie,31011
The Interview,2014,movie,228967
Zombieland: Double Tap,2019,movie,338967
Hitch,2005,movie,8488
Moon,2009,movie,17431
Jumper,2008,movie,8247
The Goonies,1985,movie,9340
Collateral,2004,movie,1538
Signs,2002,movie,2675
Liar Liar,1997,movie,1624
"I, Tonya",2017,movie,389015
Apocalypto,2006,movie,1579
The Lone Ranger,2013,movie,57201
Jason Bourne,2016,movie,324668
Who Framed Roger Rabbit,1988,movie,856
Halloween,1978,movie,948
The Untouchables,1987,movie,117
Jungle Cruise,2021,movie,451048
Hotel Transylvania 2,2015,movie,159824
Taken 3,2014,movie,260346
School of Rock,2003,movie,1584
Just Go with It,2011,movie,50546
The Iron Giant,1999,movie,10386
Dr. Strangelove or: How I Learned to Stop Worrying and Love the Bomb,1964,movie,935
The Hurt Locker,2008,movie,12162
The Princess and the Frog,2009,movie,10198
The Machinist,2004,movie,4553
The Bourne Legacy,2012,movie,49040
The Wizard of Oz,1939,movie,630
John Carter,2012,movie,49529
Pocahontas,1995,movie,10530
King Arthur: Legend of the Sword,2017,movie,274857
The 5th Wave,2016,movie,299687
The Girl on the Train,2016,movie,346685
Bambi,1942,movie,3170
Fantastic Mr. Fox,2009,movie,10315
Annabelle: Creation,2017,movie,396422
Citizen Kane,1941,movie,15
Wrath of Man,2021,movie,637649
The Danish Girl,2015,movie,306819
Sinister,2012,movie,82507
The Good Dinosaur,2015,movie,105864
Casablanca,1943,movie,289
Ghost,1990,movie,251
Bright,2017,movie,400106
The Menu,2022,movie,593643
The Italian Job,2003,movie,9654
Once Upon a Time in America,1984,movie,311
Five Feet Apart,2019,movie,527641
American Gangster,2007,movie,4982
Gifted,2017,movie,400928
Battleship,2012,movie,44833
The Chronicles of Narnia: The Voyage of the Dawn Treader,2010,movie,10140
Salt,2010,movie,27576
The Favourite,2018,movie,375262
The Equalizer 2,2018,movie,345887
Bad Boys II,2003,movie,8961
Borat: Cultural Learnings of America for Make Benefit Glorious Nation of Kazakhstan,2006,movie,496
Total Recall,2012,movie,64635
Mars Attacks!,1996,movie,75
Sonic the Hedgehog 2,2022,movie,675353
The World's End,2013,movie,107985
Face/Off,1997,movie,754
The Island,2005,movie,1635
Apollo 13,1995,movie,568
RoboCop,2014,movie,97020
Saw II,2005,movie,215
Southpaw,2015,movie,307081
Transcendence,2014,movie,157353
G.I. Joe: Retaliation,2013,movie,72559
The Adventures of Tintin,2011,movie,17578
Creed II,2018,movie,480530
The Aviator,2004,movie,2567
The Wild Robot,2024,movie,1184918
Due Date,2010,movie,41733
The Transporter,2002,movie,4108
Brother Bear,2003,movie,10009
The Mist,2007,movie,5876
The Tourist,2010,movie,37710
Turning Red,2022,movie,508947
Knowing,2009,movie,13811
Peter Pan,1953,movie,10693
The Black Phone,2022,movie,756999
Enchanted,2007,movie,4523
Non-Stop,2014,movie,225574
Meet Joe Black,1998,movie,297
Wind River,2017,movie,395834
Ant-Man and the Wasp: Quantumania,2023,movie,640146
Bram Stoker's Dracula,1992,movie,6114
True Grit,2010,movie,44264
Hook,1991,movie,879
The Substance,2024,movie,933260
Chronicle,2012,movie,76726
In Bruges,2008,movie,8321
Moneyball,2011,movie,60308
A Nightmare on Elm Street,1984,movie,377
RoboCop,1987,movie,5548
Lady and the Tramp,1955,movie,10340
Orphan,2009,movie,21208
First Man,2018,movie,369972
Law Abiding Citizen,2009,movie,22803
Anastasia,1997,movie,9444
Terminator: Dark Fate,2019,movie,290859
The Holiday,2006,movie,1581
Collateral Beauty,2016,movie,345920
Les Misérables,2012,movie,82695
Man on Fire,2004,movie,9509
Hellboy II: The Golden Army,2008,movie,11253
Love & Other Drugs,2010,movie,43347
Death Proof,2007,movie,1991
Batman Forever,1995,movie,414
El Camino: A Breaking Bad Movie,2019,movie,559969
Escape Plan,2013,movie,107846
Rush Hour,1998,movie,2109
Pitch Perfect 2,2015,movie,254470
The Town,2010,movie,23168
13 Going on 30,2004,movie,10096
The Great Wall,2016,movie,311324
After We Collided,2020,movie,613504
The Purge: Election Year,2016,movie,316727
National Treasure: Book of Secrets,2007,movie,6637
The Dark Tower,2017,movie,353491
Boyhood,2014,movie,85350
Darkest Hour,2017,movie,399404
Alien Resurrection,1997,movie,8078
Dredd,2012,movie,49049
Sleeping Beauty,1959,movie,10882
Bridget Jones's Diary,2001,movie,634
The Lighthouse,2019,movie,503919
L.A. Confidential,1997,movie,2118
Happy Feet,2006,movie,9836
Daredevil,2003,movie,9480
Gemini Man,2019,movie,453405
17 Again,2009,movie,16996
Paranormal Activity,2007,movie,23827
War Dogs,2016,movie,308266
28 Weeks Later,2007,movie,1562
Starship Troopers,1997,movie,563
Percy Jackson: Sea of Monsters,2013,movie,76285
Chicken Run,2000,movie,7443
Batman & Robin,1997,movie,415
The Aristocats,1970,movie,10112
Panic Room,2002,movie,4547
The Lego Batman Movie,2017,movie,324849
Cowboys & Aliens,2011,movie,49849
Shooter,2007,movie,7485
The Blair Witch Project,1999,movie,2667
The Founder,2016,movie,310307
The Hunchback of Notre Dame,1996,movie,10545
Isle of Dogs,2018,movie,399174
The Mule,2018,movie,504172
The Shallows,2016,movie,332567
Ferris Bueller's Day Off,1986,movie,9377
Skyscraper,2018,movie,447200
Romeo + Juliet,1996,movie,454
Poor Things,2023,movie,792307
Men in Black: International,2019,movie,479455
The Expendables 3,2014,movie,138103
Pacific Rim: Uprising,2018,movie,268896
Dumbo,1941,movie,11360
There's Something About Mary,1998,movie,544
Uncut Gems,2019,movie,473033
Jack Reacher: Never Go Back,2016,movie,343611
Lemony Snicket's A Series of Unfortunate Events,2004,movie,11774
The Princess Diaries,2001,movie,9880
The Illusionist,2006,movie,1491
The Sorcerer's Apprentice,2010,movie,27022
American Pie 2,2001,movie,2770
Bloodshot,2020,movie,338762
Lord of War,2005,movie,1830
Crimson Peak,2015,movie,201085
Transformers: Rise of the Beasts,2023,movie,667538
Déjà Vu,2006,movie,7551
Paper Towns,2015,movie,286565
Jack the Giant Slayer,2013,movie,81005
Bee Movie,2007,movie,5559
Insomnia,2002,movie,320
Elemental,2023,movie,976573
Everest,2015,movie,253412
Bridge to Terabithia,2007,movie,1265
The Kissing Booth 2,2020,movie,583083
Cube,1998,movie,431
Blade II,2002,movie,36586
The Place Beyond the Pines,2013,movie,97367
Misery,1990,movie,1700
Burn After Reading,2008,movie,4944
Hannibal,2001,movie,9740
Journey to the Center of the Earth,2008,movie,88751
Ready or Not,2019,movie,567609
Geostorm,2017,movie,274855
6 Underground,2019,movie,509967
The Visit,2015,movie,298312
The Rock,1996,movie,9802
Atlantis: The Lost Empire,2001,movie,10865
Meet the Fockers,2004,movie,693
Ghostbusters: Afterlife,2021,movie,425909
The Predator,2018,movie,346910
London Has Fallen,2016,movie,267860
The Passion of the Christ,2004,movie,615
White House Down,2013,movie,117251
Mortal Engines,2018,movie,428078
Greenland,2020,movie,524047
Halloween,2018,movie,424139
The Huntsman: Winter's War,2016,movie,290595
Scary Movie 2,2001,movie,4248
Sucker Punch,2011,movie,23629
Fantastic Beasts: The Secrets of Dumbledore,2022,movie,338953
The Princess Bride,1987,movie,2493
Escape Room,2019,movie,522681
The Addams Family,1991,movie,2907
Platoon,1986,movie,792
The King's Man,2021,movie,476669
21,2008,movie,8065
Mary Poppins,1964,movie,433
No Strings Attached,2011,movie,41630
Airplane!,1980,movie,813
Evil Dead,2013,movie,109428
Robin Hood,2010,movie,20662
Rocketman,2019,movie,504608
Fear and Loathing in Las Vegas,1998,movie,1878
The A-Team,2010,movie,34544
Lethal Weapon,1987,movie,941
I Am Number Four,2011,movie,46529
Warrior,2011,movie,59440
Equilibrium,2002,movie,7299
Perfume: The Story of a Murderer,2006,movie,1427
The Northman,2022,movie,639933
Mission: Impossible - Dead Reckoning Part One,2023,movie,575264
Bad Teacher,2011,movie,52449
Monsters vs Aliens,2009,movie,15512
The Royal Tenenbaums,2001,movie,9428
Watchmen,2019,tv,79788
That '70s Show,1998,tv,52
Station 19,2018,tv,76773
Fate: The Winx Saga,2021,tv,97175
iCarly,2007,tv,5371
Defending Jacob,2020,tv,87784
Shadow and Bone,2021,tv,85720
Hazbin Hotel,2024,tv,94954
Emily in Paris,2020,tv,82596
Mr. Bean,1990,tv,4327
Legion,2017,tv,67195
White Collar,2009,tv,21510
Succession,2018,tv,76331
Primal,2019,tv,89456
Castlevania,2017,tv,71024
Dexter: New Blood,2021,tv,131927
ONE PIECE,2023,tv,111110
Star vs. the Forces of Evil,2015,tv,61923
Penny Dreadful,2014,tv,54671
Narcos: Mexico,2018,tv,80968
Killing Eve,2018,tv,72750
Rome,2005,tv,1891
The Last Dance,2020,tv,79525
Star Trek,1966,tv,253
The Man in the High Castle,2015,tv,62017
Mad Men,2007,tv,1104
Doom Patrol,2019,tv,79501
Taboo,2017,tv,65708
Locke & Key,2020,tv,86423
Monsters at Work,2021,tv,90461
Black Sails,2014,tv,47665
Ms. Marvel,2022,tv,92782
Knight Rider,1982,tv,2384
Archer,2009,tv,10283
Orphan Black,2013,tv,56296
Sex/Life,2021,tv,126280
Xena: Warrior Princess,1995,tv,4616
Adolescence,2025,tv,249042
Snowpiercer,2020,tv,79680
3 Body Problem,2024,tv,108545
Carnival Row,2019,tv,90027
Upload,2020,tv,86248
Skins,2007,tv,900
CSI: Crime Scene Investigation,2000,tv,1431
Banshee,2013,tv,41727
The Orville,2017,tv,71738
The Haunting of Bly Manor,2020,tv,109958
Secret Invasion,2023,tv,114472
Drawn Together,2004,tv,4336
Gen V,2023,tv,205715
The OA,2016,tv,69061
X-Men,1992,tv,4574
Teen Titans,2003,tv,604
The Resident,2018,tv,74016
The White Lotus,2021,tv,111803
Warrior Nun,2020,tv,87689
Steven Universe,2013,tv,61175
Normal People,2020,tv,89905
Power,2014,tv,54650
Falling Skies,2011,tv,34967
It's Always Sunny in Philadelphia,2005,tv,2710
The Peripheral,2022,tv,95403
Disenchantment,2018,tv,73021
Preacher,2016,tv,64230
The Nanny,1993,tv,2352
The Night Of,2016,tv,66276
Californication,2007,tv,1215
IT: Welcome to Derry,2025,tv,200875
Chicago Med,2015,tv,62650
NCIS: Los Angeles,2009,tv,17610
Ratched,2020,tv,81354
Boardwalk Empire,2010,tv,1621
The Penguin,2024,tv,194764
Gilmore Girls,2000,tv,4586
Monk,2002,tv,1695
"Sabrina, the Teenage Witch",1996,tv,605
Planet Earth,2006,tv,1044
The Walking Dead: World Beyond,2020,tv,94305
9-1-1: Lone Star,2020,tv,89393
The Night Manager,2016,tv,61859
ALF,1986,tv,4658
Atypical,2017,tv,71578
Young Justice,2010,tv,33217
The Sinner,2017,tv,39852
Big Mouth,2017,tv,74204
Shadowhunters,2016,tv,63210
Wizards of Waverly Place,2007,tv,3498
The Tom and Jerry Show,1975,tv,7842
Luther,2010,tv,1426
Chuck,2007,tv,1404
Scream: The TV Series,2015,tv,62823
Ben 10: Alien Force,2008,tv,6040
Married... with Children,1987,tv,4239
Danny Phantom,2004,tv,2309
DC's Stargirl,2020,tv,80986
Downton Abbey,2010,tv,33907
The Leftovers,2014,tv,54344
12 Monkeys,2015,tv,60948
Outer Banks,2020,tv,100757
Henry Danger,2014,tv,61852
Ahsoka,2023,tv,114461
Harley Quinn,2019,tv,74440
Trollhunters: Tales of Arcadia,2016,tv,68267
Midnight Mass,2021,tv,97400
Invasion,2021,tv,127235
Stargate Atlantis,2004,tv,2290
Lioness,2023,tv,113962
Star Wars: The Bad Batch,2021,tv,105971
Project Blue Book,2019,tv,79649
The Great,2020,tv,93812
Spider-Man,1994,tv,888
Full House,1987,tv,4313
Sleepy Hollow,2013,tv,50825
Scooby-Doo! Mystery Incorporated,2010,tv,18123
Merlin,2008,tv,7225
Everybody Hates Chris,2005,tv,252
Barry,2018,tv,73107
Designated Survivor,2016,tv,67026
My Name Is Earl,2005,tv,2317
ThunderCats,1985,tv,1988
The Fairly OddParents,2001,tv,4630
Dinosaurs,1991,tv,3763
The Wonder Years,1988,tv,4500
Six Feet Under,2001,tv,1274
Baby Reindeer,2024,tv,241259
New Amsterdam,2018,tv,80350
Zoey 101,2005,tv,1778
Bodyguard,2018,tv,80307
Bob's Burgers,2011,tv,32726
Star Trek: Voyager,1995,tv,1855
Swamp Thing,2019,tv,79240
The Night Agent,2023,tv,129552
The Summer I Turned Pretty,2022,tv,194766
The Terminal List,2022,tv,120911
Avatar the Last Airbender,2024,tv,82452
Marvel's Ultimate Spider-Man,2012,tv,34391
The A-Team,1983,tv,1516
American Crime Story,2016,tv,64513
The Americans,2013,tv,46533
Vikings: Valhalla,2022,tv,116135
The Shannara Chronicles,2016,tv,64122
Sharp Objects,2018,tv,70453
After Life,2019,tv,79410
The Last Ship,2014,tv,60802
The Grim Adventures of Billy and Mandy,2001,tv,897
Billions,2016,tv,62852
Ned's Declassified School Survival Guide,2004,tv,1600
A Series of Unfortunate Events,2017,tv,65294
The Twilight Zone,1959,tv,6357
Phineas and Ferb,2007,tv,1877
Monarch: Legacy of Monsters,2023,tv,202411
Angel,1999,tv,2426
Misfits,2009,tv,31295
When They See Us,2019,tv,81355
Blue Bloods,2010,tv,32692
The Powerpuff Girls,1998,tv,607
Dickinson,2019,tv,89901
Terminator: The Sarah Connor Chronicles,2008,tv,433
Cursed,2020,tv,83125
V,1983,tv,14141
Star Wars Rebels,2014,tv,60554
MacGyver,2016,tv,67133
Hey Arnold!,1996,tv,537
Little House on the Prairie,1974,tv,1781
The Flintstones,1960,tv,1996
Guillermo del Toro's Cabinet of Curiosities,2022,tv,83659
Marvel's Runaways,2017,tv,67466
Maniac,2018,tv,73411
Russian Doll,2019,tv,84977
Tales from the Crypt,1989,tv,2391
Weeds,2005,tv,186
Evil,2019,tv,86848
The Bible,2013,tv,43899
The Terror,2018,tv,75191
The Last Man on Earth,2015,tv,61888
Broadchurch,2013,tv,1427
American Horror Stories,2021,tv,113036
The Day of the Jackal,2024,tv,222766
Inside Job,2021,tv,97727
Battlestar Galactica,2003,tv,71365
The Fall,2013,tv,49010
Final Space,2018,tv,74387
Z Nation,2014,tv,61345
What We Do in the Shadows,2019,tv,83631
Psych,2006,tv,1447
Shadow Hunter,2005,tv,12313
Black Lightning,2018,tv,71663
The Office,2001,tv,2996
Resident Alien,2021,tv,96580
Keeping Up with the Kardashians,2007,tv,14814
Limitless,2015,tv,62687
Glee,2009,tv,1417
Van Helsing,2016,tv,65820
Star Trek: Enterprise,2001,tv,314
Yellowjackets,2021,tv,117488
Continuum,2012,tv,43020
Star Trek: Deep Space Nine,1993,tv,580
The Marvelous Mrs. Maisel,2017,tv,70796
The Order,2019,tv,82104
The O.C.,2003,tv,2673
Deadwood,2004,tv,1406
Black Bird,2022,tv,155537
The Midnight Gospel,2020,tv,96713
Agatha All Along,2024,tv,138501
ER,1994,tv,4588
MacGyver,1985,tv,2875
War of the Worlds,2019,tv,86374
Alien: Earth,2025,tv,157239
Dynasty,2017,tv,72002
Planet Earth II,2016,tv,68595
Jane the Virgin,2014,tv,61418
Slugterra,2012,tv,46994
Curb Your Enthusiasm,2000,tv,4546
Kung Fu Panda: The Paws of Destiny,2018,tv,82747
FBI,2018,tv,80748
The Spectacular Spider-Man,2008,tv,3854
Dirk Gently's Holistic Detective Agency,2016,tv,67773
Ben 10: Ultimate Alien,2010,tv,31109
Reign,2013,tv,48865
Wayward Pines,2015,tv,53425
Servant,2019,tv,88055
Dexter's Laboratory,1996,tv,4229
Samurai Jack,2001,tv,2723
Hanna,2019,tv,54155
Jackie Chan Adventures,2000,tv,240
Mums Make Porn,2019,tv,110290
The Morning Show,2019,tv,90282
For All Mankind,2019,tv,87917
1883,2021,tv,118357
Terra Nova,2011,tv,32754
The L Word,2004,tv,3475
Maid,2021,tv,111141
Justice League Unlimited,2004,tv,84200
Frasier,1993,tv,3452
Freaks and Geeks,1999,tv,2382
The Adventures of Jimmy Neutron: Boy Genius,2002,tv,2129
BEEF,2023,tv,154385
Mr. Pickles,2014,tv,61593
The Killing,2011,tv,34415
Top Gear,2002,tv,45
Dark Matter,2015,tv,62425
Travelers,2016,tv,67683
Power Rangers,1993,tv,2328
A Discovery of Witches,2018,tv,77236
The Grand Tour,2016,tv,67557
The Odyssey,1997,tv,9687
Revenge,2011,tv,39358
The Shield,2002,tv,1414
The Undoing,2020,tv,83851
Atlanta,2016,tv,65495